{"cameraMode":{"drawMode":0,"name":"Shaded","section":"Shading Mode"},"sceneLighting":false,"audioPlay":false,"sceneViewState":{"showFog":true,"showMaterialUpdate":false,"showSkybox":true,"showFlares":true,"showImageEffects":true,"showParticleSystems":true},"in2DMode":false,"pivot":{"x":-17.536794662475587,"y":5.510000228881836,"z":-3.6620025634765627},"rotation":{"x":0.14683948457241059,"y":-0.23641107976436616,"z":0.03616795316338539,"w":0.9598124027252197},"size":2.8578836917877199,"orthographic":false}