{"cameraMode":{"drawMode":0,"name":"Shaded","section":"Shading Mode"},"sceneLighting":true,"audioPlay":false,"sceneViewState":{"showFog":true,"showMaterialUpdate":false,"showSkybox":true,"showFlares":true,"showImageEffects":true,"showParticleSystems":true},"in2DMode":false,"pivot":{"x":-12.189840316772461,"y":-2.3999595642089845,"z":-3.6560897827148439},"rotation":{"x":0.14683948457241059,"y":-0.23641107976436616,"z":0.03616795316338539,"w":0.9598124027252197},"size":50.9566535949707,"orthographic":false}