{"cameraMode":{"drawMode":0,"name":"Shaded","section":"Shading Mode"},"sceneLighting":true,"audioPlay":false,"sceneViewState":{"showFog":true,"showMaterialUpdate":false,"showSkybox":true,"showFlares":true,"showImageEffects":true,"showParticleSystems":true},"in2DMode":false,"pivot":{"x":-17.663854598999025,"y":5.655420303344727,"z":-3.6781058311462404},"rotation":{"x":0.09901473671197891,"y":-0.5458225607872009,"z":0.06515897810459137,"w":0.8294745683670044},"size":21.629358291625978,"orthographic":false}