{"cameraMode":{"drawMode":0,"name":"Shaded","section":"Shading Mode"},"sceneLighting":true,"audioPlay":false,"sceneViewState":{"showFog":true,"showMaterialUpdate":false,"showSkybox":true,"showFlares":true,"showImageEffects":true,"showParticleSystems":true},"in2DMode":false,"pivot":{"x":-17.663854598999025,"y":5.655420303344727,"z":-3.6781058311462404},"rotation":{"x":0.06303979456424713,"y":-0.8367602825164795,"z":0.09861353784799576,"w":0.5349146723747253},"size":25.325185775756837,"orthographic":false}