{"cameraMode":{"drawMode":0,"name":"Shaded","section":"Shading Mode"},"sceneLighting":true,"audioPlay":false,"sceneViewState":{"showFog":true,"showMaterialUpdate":false,"showSkybox":true,"showFlares":true,"showImageEffects":true,"showParticleSystems":true},"in2DMode":false,"pivot":{"x":-17.536794662475587,"y":5.510000228881836,"z":-3.6620025634765627},"rotation":{"x":0.16838838160037995,"y":-0.37654754519462588,"z":0.06980957835912705,"w":0.9082862734794617},"size":2.1231577396392824,"orthographic":false}